Proveedor;Producto
ARL;LECHE PASCUAL ENTERA BRIK LIT
ARL;LECHE PASCUAL SEMI BRIK 1 LIT
ARL;LECHE PASCUAL DESNAT BRIK 1 LT
CAFES MORA, S.L.;*CHOCO FLAKES CUETARA 520 GRS
CAFES MORA, S.L.;ACUARIUS NARANJA BOTE 330 C.C
CAFES MORA, S.L.;ACEITE GIRASOL IFA-ELIGES BT.1L
CAFES MORA, S.L.;AGUA BEZOYA BTILA. 1.5 L
CAFES MORA, S.L.;AGUA DEL ROSAL BTILA.1.5L
CAFES MORA, S.L.;AGUA DEL ROSAL GFA. 5 L
CAFES MORA, S.L.;AGUA DEL ROSAL GARRAFA 8 L.T..
CAFES MORA, S.L.;AGUA FUENTELIVIANA 1.5 LT
CAFES MORA, S.L.;AGUA FUENTELIVIANA 33C1
CAFES MORA, S.L.;AGUA FUENTELIVIANA GARRAFA 6L
CAFES MORA, S.L.;AGUA FUENTELIVIANA GARRAFA 8 LT..
CAFES MORA, S.L.;AMONIACO PERF. IFA- -SABE 1.5L
CAFES MORA, S.L.;ANACARDO FRITO IFA-ELIGES 200GR.
CAFES MORA, S.L.;ARENA DE GATOS IFA AMIGO 5 KG
CAFES MORA, S.L.;AROMA VAINILLA CARMENCIA  150 
CAFES MORA, S.L.;ARROZ SOS BOLSA 1/2 KG
CAFES MORA, S.L.;ARROZ SOS BOLSA 1KG
CAFES MORA, S.L.;ATUN CLAR. CALVO ACT. PK4 RO-65 3â‚¬
CAFES MORA, S.L.;AVECREM VEGETAL 8 PLLAS.
CAFES MORA, S.L.;AZUCAR BLANQUILLA BOLSA 1KG
CAFES MORA, S.L.;BIFRUTAS PASCUAL TROPIC PK6X200
CAFES MORA, S.L.;BISCOTE TRADICIONAL ELIGES 72RB
CAFES MORA, S.L.;BOQUERON ALIÃ‘ADO ATKI 150 GR
CAFES MORA, S.L.;CALDO G.BLANCA 1L.POLLO PK 2U 2 LITROS
CAFES MORA, S.L.;CALDO POLLO G.BLANCA BRIK 1L
CAFES MORA, S.L.;CAP. CAFE LOR RISTRETO DFD. 10U.NX
CAFES MORA, S.L.;CAPS. CAFE LOR FORZA 10 UD.NX
CAFES MORA, S.L.;CAPS.CAFE LOR COLOMBIA10 UD.NX
CAFES MORA, S.L.;CEREALES NESTLE NESQUIK PQ.375GR
CAFES MORA, S.L.;CERVEZA HEINEKEN BOTE 33CL
CAFES MORA, S.L.;CERVEZA MAHOU 5 ESTRELL. LATA 33
CAFES MORA, S.L.;CERVEZA MAHOU LATA 33 CL
CAFES MORA, S.L.;CERVEZA MAHOU S/ALCOH.PK.6X250CC
CAFES MORA, S.L.;CHOCOLAT. NESTLE ALMENDR.PK.3X123
CAFES MORA, S.L.;CHOCOLATE VALOR PURO 300 GR
CAFES MORA, S.L.;CHOCOLATE VALOR PURO ALMEND.250G
CAFES MORA, S.L.;CINTA BACON TARRADELLAS 150G
CAFES MORA, S.L.;CIRUELAS ELIGES S/HUESO BOL.200G
CAFES MORA, S.L.;CREMA GALLETAS LOTUS BISCOFF 400
CAFES MORA, S.L.;CUBITOMATE RIA 390 GR.
CAFES MORA, S.L.;CUBITOMATE RIA 780 GR.
CAFES MORA, S.L.;DISFRUTA PIÃ‘A D.SIMON PK.6X200CL
CAFES MORA, S.L.;EDULCORANTE ELIGES LIQUIDO 150ML
CAFES MORA, S.L.;EDULCORANTE ELIGES 850 COMPRIMID
CAFES MORA, S.L.;EKO ORGANICO NATURAL FR.150 GR
CAFES MORA, S.L.;ESPETEC TARRADELLAS PIEZA 180G.
CAFES MORA, S.L.;FANTA LIMON BOTE 32 CL.
CAFES MORA, S.L.;FANTA NARANJA BOTE 32 C.I.
CAFES MORA, S.L.;FANTA NARANJA BTILA. 2 L.
CAFES MORA, S.L.;FACTURA DANONE 10%
CAFES MORA, S.L.;FACTURA BAKERY DONUTS 10%
CAFES MORA, S.L.;FILETE ANCHOA MARITIMO ACTERR42
CAFES MORA, S.L.;FLAN HUEVO REINA PK4X110 GR
CAFES MORA, S.L.;FLAN ROYAL CARAMELO LIQUIDO DOBL
CAFES MORA, S.L.;FUNCIONAZERO CARIB.D. SIMON 6X200
CAFES MORA, S.L.;FUNCIONAZERO CARIB.D.SIMON 6X200
CAFES MORA, S.L.;FUNCIONAZERO MEDIT.D.SIMON 6X200
CAFES MORA, S.L.;FUNCIONAZERO TROPC.D.SIMON 6X200
CAFES MORA, S.L.;GALLETAS LOTUS BISCOFF CARAMEL.250
CAFES MORA, S.L.;GALLETAS MARIA FONTANEDA C/800
CAFES MORA, S.L.;GALLETAS MARIA GULLON LIGERA 600
CAFES MORA, S.L.;GALLETAS MARIA IFA ELIGES 4X200GR
CAFES MORA, S.L.;GASEOSA IFA-ELIGES BTILA. 1.5L
CAFES MORA, S.L.;GASEOSA LA CASERA BTILA. 1.5 L.
CAFES MORA, S.L.;GASEOSA LA CASERA BTILA. 1/2 L.
CAFES MORA, S.L.;GATO BOCADI. SALMON IFA-AMIGO 415
CAFES MORA, S.L.;GATOS PESCADO IFA-AMIGO 2KG
CAFES MORA, S.L.;GELAT. FRESA LIGHT REINA PK6X100
CAFES MORA, S.L.;GELATINA FRESA REINA PK4X100 GR.
CAFES MORA, S.L.;GELATINA LIMON REINA PK4X100 GR
CAFES MORA, S.L.;GUISANTE FINO MIMO BOTE 390G
CAFES MORA, S.L.;GUISANTE MEDIAN.CELORRIO PK3X212
CAFES MORA, S.L.;GULLON DIG. AVEN. NARAN CHCHOC 280
CAFES MORA, S.L.;GULLON DIGESTIVA AVEN. CHOCO 425G
CAFES MORA, S.L.;GULLON ZERO MARIA 400 GR
CAFES MORA, S.L.;HARINA TRIGO ELIGES BOLSA 1KG
CAFES MORA, S.L.;HUEVOS FRESCOS XL S.ANTONIO 1DNA
CAFES MORA, S.L.;INFU DIGEST HORNIMANS 20 FILTROS
CAFES MORA, S.L.;INSECTICIDA VINFER MATON 750 CC
CAFES MORA, S.L.;JUDIA VERDE ANCHA YBARRA FR.660
CAFES MORA, S.L.;JUDIA VERDE ELIGES ANCHA 780GR
CAFES MORA, S.L.;JUDIA VERDE ELIGES FINA FR.660GR
CAFES MORA, S.L.;JUDIA VERDE REDONDA YBARRA FR660
CAFES MORA, S.L.;KETCHUP ORLANDO(BARRILITO)300 G
CAFES MORA, S.L.;KNORR STARLUX CARNE 12+4 PTILAS
CAFES MORA, S.L.;LECHE COND. ELIGES SIRVFACIL 450
CAFES MORA, S.L.;LECHE IFA-ELIGES DESNAT BRIK 1 L
CAFES MORA, S.L.;LECHE IFA-ELIGES ENTERA BRIK 1L
CAFES MORA, S.L.;LECHE IFA-ELIGES SEMI BRIK 1L
CAFES MORA, S.L.;LECHE LAUKI SEMI.BRIK 1L
CAFES MORA, S.L.;LECHE MOVIT CALCIO SEMID. BR.1L
CAFES MORA, S.L.;LECHE PASCUAL CALCIO DESNATADA 1
CAFES MORA, S.L.;LECHE PASCUAL CALCIO SEMID.BR.1L
CAFES MORA, S.L.;LECHE PASCUAL DESN S/ LACTOSA 1L
CAFES MORA, S.L.;LECHE PASCUAL DESNATADA BK 1L.
CAFES MORA, S.L.;LECHE PASCUAL SEMI S/LACTOSA 11
CAFES MORA, S.L.;LECHE PASCUAL SEMIDES. BR 1L
CAFES MORA, S.L.;LEJIA IFA-SABE C/DETERGENTE 2L
CAFES MORA, S.L.;LEJIA IFA-SABE NORMAL 2 L.
CAFES MORA, S.L.;LEJÃA IFA SABE NORMAL 5 LT
CAFES MORA, S.L.;LIMONADA D.SIMON PET 1.5 L
CAFES MORA, S.L.;MACEDONIA VERDURA ELIGES FR.540G
CAFES MORA, S.L.;MANZANILLA-ANIS HORNIMANS 25SOBR
CAFES MORA, S.L.;MANZANILLA HORNIMANS 25 SOBRES
CAFES MORA, S.L.;MARGARINA LIGERESA TARRINA 250 G
CAFES MORA, S.L.;MARGARINA TULIPAN TARRINA 225GR.
CAFES MORA, S.L.;MANTEQUILLA ARIAS 125 GR
CAFES MORA, S.L.;MANTEQUILLA ARIAS F.UNTAR 235GR.
CAFES MORA, S.L.;MELOCOTON ALMIB.7/8 ALCURNIA 840
CAFES MORA, S.L.;NATREEN SIN CALORIAS 400 COMP
CAFES MORA, S.L.;NATREEN SIN CALORIAS LIQ.250C.C
CAFES MORA, S.L.;NATA ELIGES COCINA PAK 3X200 MI
CAFES MORA, S.L.;NATILLAS VAINILLA REINA PK4X125
CAFES MORA, S.L.;NECTAR ELIGES PIÃ‘A S/AZ BK 1L
CAFES MORA, S.L.;NESCAFE DFD0.2 GR. PACK 10
CAFES MORA, S.L.;NESCAFE DOLCE GUSTO CORT.DFD.16CP
CAFES MORA, S.L.;NESTEA LIMON S/AZ LATA 330ML
CAFES MORA, S.L.;NESCAFE DOLCEGUST CORTADO 16CAPM
CAFES MORA, S.L.;NUEZ MONDADA ELIGES BOLSA 200 GR
CAFES MORA, S.L.;OBLEA EMPANADILLA BUITONI 160G.
CAFES MORA, S.L.;PALILLOS BETIK PLANOS NÂ° 1
CAFES MORA, S.L.;PALILLO REDONDO FINO BETIK 230UN
CAFES MORA, S.L.;PAN RALLADO AJO PEREJIL MIAU 500
CAFES MORA, S.L.;PANCHITO REPEL. IFA-ELIGES 250GR
CAFES MORA, S.L.;PATE GATO IFA-AMIGO SALMON 300
CAFES MORA, S.L.;PATATAS FRITAS ALMODOVAR 350 GR
CAFES MORA, S.L.;PICATOSTE NOR.PICAGRILL BOL.75GR
CAFES MORA, S.L.;PIPAS CALABAZA IFA-ELIGES 125 GR
CAFES MORA, S.L.;PISTACHO TOSTADO IFA-ELIGES 125G
CAFES MORA, S.L.;PIZZA TARRADELLAS ATUN Y BACÃ“N
CAFES MORA, S.L.;PIZZA TARRADELLAS BARBAC PK2X220
CAFES MORA, S.L.;PIZZA TARRADELLAS BARBACOA
CAFES MORA, S.L.;PIZZA TARRADELLAS J.Q.PK2X220
CAFES MORA, S.L.;PIZZA TARRADELLAS JAMON SERRANO
CAFES MORA, S.L.;PIZZA TARRADELLAS JAMON Y QUESO
CAFES MORA, S.L.;PLATO LLA. BLANCO 22CM 10U 1003RE
CAFES MORA, S.L.;PLATO NEGRO HONDO17CM 6UD.R1702R
CAFES MORA, S.L.;PONCHE CABALLERO BTILA.0.7 L
CAFES MORA, S.L.;PURE PATATAS ELIGES 500G(4X125G)
CAFES MORA, S.L.;QUESO LONCHAS CASERIO 8 UNID.
CAFES MORA, S.L.;QUESO PHILADELPHIA 200G
CAFES MORA, S.L.;QUESO RALL. CASERIO 4 QUESO 120GR
CAFES MORA, S.L.;QUESO RALL.CASERIO 4 QUESO 120GR
CAFES MORA, S.L.;QUESO RALL.CASERIO EMMENTAL 120G
CAFES MORA, S.L.;SALPICON PULPO ARTEIÃ‘AKI 175 GR.
CAFES MORA, S.L.;SARDINILLA EL MENU ACT. OLIVA B/S
CAFES MORA, S.L.;SARDINILLA EL MENU ECHE.RR-90
CAFES MORA, S.L.;SARDINILLA EL MENU LIMON RR-90
CAFES MORA, S.L.;SARDINILLA MENU ACEITE.OLIV. RR90
CAFES MORA, S.L.;SIMON LIFE MANDARINA PET 4X200ML
CAFES MORA, S.L.;SIMON LIFE NARANJA PET 4X200 ML.
CAFES MORA, S.L.;SOPA G.BLANCA POLLO FIDEO FINO 9
CAFES MORA, S.L.;SUAVIZANTE CONC. SABE AZUL 80 DS
CAFES MORA, S.L.;SUNNY DELIGHT FLORIDA 1.25L
CAFES MORA, S.L.;TARTA QUESO C/FRESA REINA PAK 2
CAFES MORA, S.L.;TINTO VERANO S/ALC D.SIMON 1.5L
CAFES MORA, S.L.;TOMATE RIA TRITURADO 390 GR.
CAFES MORA, S.L.;TOMATE RIA TRITURADO 780 GR.
CAFES MORA, S.L.;TONICA SCHWEPPES LATA 25CL
CAFES MORA, S.L.;TOSTA RICA CUETARA 760+100 GR.
CAFES MORA, S.L.;TRINA NARANJA ZERO 1.5L
CAFES MORA, S.L.;VINO DON NINO BLANCO BRIK 1L
CAFES MORA, S.L.;VINO DON NINO TINTO BRIK 1L
CAFES MORA, S.L.;VINO ESTOLA TINTO GR. RESERV.0.75
CAFES MORA, S.L.;VINO ESTOLA TINTO RSRV.0.75LT
CAFES MORA, S.L.;VINO SEÃ‘ORIO LLANOS CR.TINTO 75C
CAFES MORA, S.L.;WHISKY DYC 1L. 40Â°
CAFES MORA, S.L.;ZUMO IFA ELIGES MANZANA BIK 1LT
COCA-COLA;AQUABONA PET50 C24
COCA-COLA;COCACOLA LATA33 C24
COCA-COLA;COCACOLA PET2L C6
COCA-COLA;COCACOLA PET50 C24 (SIN HC4) PINCODE
COCA-COLA;COCACOLA ZER LATA33 C24
COCA-COLA;COCACOLA ZER PET50 C24 (SIN HC4)PINCOD
COCA-COLA;COCACOLA ZER ZER LATA33 C24
CONGELADOS EL MÃšSICO, S.L.;ALAS POLLO GRILL 10X350GR FRIPOZO
CONGELADOS EL MÃšSICO, S.L.;ALMEJA BLANCA 60/80 IQF 6X1KG. FROXA
CONGELADOS EL MÃšSICO, S.L.;ANILLA DE CALAMAR ENHARINADA 1,5KG. PCS
CONGELADOS EL MÃšSICO, S.L.;ANILLA PACIFICO 6X1KG. CASAPESCA
CONGELADOS EL MÃšSICO, S.L.;BOCA PIZZA BACON 16 UND. FRIPUNTO
CONGELADOS EL MÃšSICO, S.L.;CHOG BOM 50ML 6X9UNID. SOMOSIERRA
CONGELADOS EL MÃšSICO, S.L.;FILETE BACALADILLA 5KG. DRAGO
CONGELADOS EL MÃšSICO, S.L.;FILETE LUBINA 5KG.HIG.MUSICO
CONGELADOS EL MÃšSICO, S.L.;FILETE MERLUZA S/P 5X1KG. MUSICO
CONGELADOS EL MÃšSICO, S.L.;FILETE MERLUZA S/P BABY 10X400GR PESCANOVA
CONGELADOS EL MÃšSICO, S.L.;GAMBA ARROCERA ROJA 140/150 1KG. PESCANOVA
CONGELADOS EL MÃšSICO, S.L.;GAMBA PELADA 30/50 6X1KG.SARIEGO
CONGELADOS EL MÃšSICO, S.L.;GUISANTES EXTRA 16X400GR MAHESO
CONGELADOS EL MÃšSICO, S.L.;KEBAP FUSION 10X320GR FRIPOZO
CONGELADOS EL MÃšSICO, S.L.;LOMO BACALAO C/P +700GR 7KG. BANORD PARTIDO
CONGELADOS EL MÃšSICO, S.L.;MENESTRA IMPERIAL 6X1KG MAHESO
CONGELADOS EL MÃšSICO, S.L.;MINI BON S/A CROCANTI 9X6UNID. ROYNE
CONGELADOS EL MÃšSICO, S.L.;MINI EMPANADILLAS 10X330GR MAHESO
CONGELADOS EL MÃšSICO, S.L.;NUGGET POLLO CON SALSA 12X300GR FRIPOZO
CONGELADOS EL MÃšSICO, S.L.;PAN PIZZA BACON 12UDES ASIPAN
CONGELADOS EL MÃšSICO, S.L.; PATATA PREFRITA 10X1KG. MAHESO
CRISTO DEL PRADO;CUÃ‘A QUESO ARTESANO
CRISTO DEL PRADO;CUÃ‘AS QUESO EN ACEITE
CRISTO DEL PRADO;QUESO SEMICURADO 2 KG
CRISTO DEL PRADO;QUESO TIERNO 2 KG
CRISTO DEL PRADO;QUESO TIERNO 2 KG CAMBIO
DISYCASH VII, S.L.;ACEITUNA BARRIOBERO S-580 NEGRA
DISYCASH VII, S.L.;ACEITUNA NEGRA CARRETILLA 1/2 SIN H
DISYCASH VII, S.L.;ACEITUNA RELLENA EL FARO LATA 150 G
DISYCASH VII, S.L.;ACEITUNA RELLENA TORREON 130 G +15%
DISYCASH VII, S.L.;AGUA BEZOYA 50 CL
DISYCASH VII, S.L.;ALMEJONES CERQUEIRAS OL-120 (RAMONA)
DISYCASH VII, S.L.;ANOUK CLASICA COL 200 VPX100
DISYCASH VII, S.L.;AQUARIUS LATA 33 CL LIMON
DISYCASH VII, S.L.;ARROZ SOS 1 KG
DISYCASH VII, S.L.;ARRIXACA FREGAS.ABUELA 1L SUPER
DISYCASH VII, S.L.;ASADILLO GARCIA TARRO 1/2
DISYCASH VII, S.L.;ASEVI LAVALANAS Y PRENDAS DELICADA 1L
DISYCASH VII, S.L.;ATUN CLARO CAMPOS RO-280 ATE
DISYCASH VII, S.L.;ATUN CLARO CAMPOS RO-85 ESC R-3
DISYCASH VII, S.L.;ATUN CLARO CAMPOS RO-85 NAT R-3
DISYCASH VII, S.L.;ATUN CORTIZO 650 G ESC
DISYCASH VII, S.L.;BANDERILLAS HIMAFESA TARRO V-720 DULCES
DISYCASH VII, S.L.;BERENJENA ANTONIO LATA 800 G
DISYCASH VII, S.L.;BERENJENA ANTONIO TARRO 350 G TROZOS
DISYCASH VII, S.L.;CAFE MOLIDO ESTRELLA 1/4 DESCAFEINADO
DISYCASH VII, S.L.;CALLOS APIS 1/2
DISYCASH VII, S.L.;CALLOS COREN 1/2
DISYCASH VII, S.L.;CALVO ATUN CLARO 4X65 VIRGEN PVP 3,50
DISYCASH VII, S.L.;CALVO SARDINAS RR-125 ACEITE
DISYCASH VII, S.L.;CELLIA SERVILLETA 33X33 LIMON
DISYCASH VII, S.L.;CERVEZA 1 L MAHOU
DISYCASH VII, S.L.;CERVEZA 6X25 BOTELLIN MAHOU CLASICA
DISYCASH VII, S.L.;CERVEZA 6X25 30TELLIN MAHOU S ESTRELL
DISYCASH VII, S.L.;CHOCOLATE POLVO AMALIA 380 G
DISYCASH VII, S.L.;CHOCOLATE VALOR LECHE-ALMENDRAS 250 G
DISYCASH VII, S.L.;CHOCOLATE VALOR PURO 200 G
DISYCASH VII, S.L.;COLA-CAO ENERGY R-3+1 20 CL
DISYCASH VII, S.L.;COMPO SUBSTRATO UNIVERSAL 10 L
DISYCASH VII, S.L.;CROSSMEN COLONIA 200 X (100)
DISYCASH VII, S.L.;CUBO AGUA CORRIENTE 12L.
DISYCASH VII, S.L.;CUBO AGUA CORRIENTE 6L.
DISYCASH VII, S.L.;DETERGENTE GEL ARRIXACA 2,85 L ABUELA
DISYCASH VII, S.L.;DETERGENTE GEL ARRIXACA 2,85 L NEGRO
DISYCASH VII, S.L.;DETERGENTE GEL ASEVI 2,72 L GEL ACTIVO
DISYCASH VII, S.L.;DETERGENTE GEL ASEVI 2,72 L ROSA MOSQUE
DISYCASH VII, S.L.;ENSALADA ISABEL RO-170 CALIFORNIANA
DISYCASH VII, S.L.;ESPARRAGOS DESTAPA 170G CORTADOS
DISYCASH VII, S.L.;ESPARRAGOS TARRO 370 CARRETILLA (ALTO) 8/12
DISYCASH VII, S.L.;FAIRY VAJILLAS 650 ML.DUPLO
DISYCASH VII, S.L.;FANTA LATA 33 CL NARANJA
DISYCASH VII, S.L.;FILETE CABALLA KING-JOHN RR-125 ATE
DISYCASH VII, S.L.;FILETE CABALLA KING-JOHN RR-125 ESC
DISYCASH VII, S.L.;FILETE CABALLA KING-JOHN RR-125 TOM
DISYCASH VII, S.L.;FINISH SAL VAJILLAS 2 KG.
DISYCASH VII, S.L.;FUZE 1,5 L LIMON
DISYCASH VII, S.L.;GARBANZOS COCIDOS CABALLERO TARRO 290
DISYCASH VII, S.L.;GARBANZOS COCIDOS LUENGO TARRO 1 KG
DISYCASH VII, S.L.;GORDAL PEPINILLO HIMAFESA TARRO 1 KG
DISYCASH VII, S.L.;GUISANTES NATURALES MIMO 1/2
DISYCASH VII, S.L.;IBERITOS 4X25 G SURTIDO CARNE
DISYCASH VII, S.L.;JAFEP AGUARRAS PURO 1L
DISYCASH VII, S.L.;JUDIAS COCIDAS CABALLERO TARRO 290
DISYCASH VII, S.L.;JUDIAS VERDES ANCHA MIMO LATA 420
DISYCASH VII, S.L.;JUDIAS VERDES YBARRA TARRO 360 G FINAS
DISYCASH VII, S.L.;KIRIKO GEO VITAL ABONOIL
DISYCASH VII, S.L.;LA SALUD OXIGENO ACTIVO 1 L ALOE VERA
DISYCASH VII, S.L.;LA SALUD OXIGENO ACTIVO 1 L AZUL
DISYCASH VII, S.L.;LED VELA E14 BLANCA 6W (5053)
DISYCASH VII, S.L.;LIGERINA FREGONA MICROF.LILA
DISYCASH VII, S.L.;LOTES TOSTADA GULLON 4X200 G
DISYCASH VII, S.L.;MACARRON ROMERO 1 KG
DISYCASH VII, S.L.;MACEDONIA VERDURAS YBARRA TARRO 1 KG
DISYCASH VII, S.L.;MAIZ GRANO BONDUELLE R-3 1/4
DISYCASH VII, S.L.;MARIA INTEGRAL GULLON 600 G
DISYCASH VII, S.L.;MAYORDOMO AMB.REC.335 SP.ANDALUCIA
DISYCASH VII, S.L.;MAYORDOMO AMB.REC.335 SP.INFANTIL
DISYCASH VII, S.L.;MAYONESA CALVE 430 ML
DISYCASH VII, S.L.;MAYONESA LIGERESA 225 G
DISYCASH VII, S.L.;MEJILLON BALEA OL-120 ESC 6/8
DISYCASH VII, S.L.;MEJILLON DARDO OL-120 18/24
DISYCASH VII, S.L.;MERMELADA HELIOS 340 G CIRUELA
DISYCASH VII, S.L.;MERMELADA HELIOS 340 G FRESA
DISYCASH VII, S.L.;MERMELADA HELIOS 340 G MELOCOTON
DISYCASH VII, S.L.;MERMELADA SIN A HELIOS FRESA
DISYCASH VII, S.L.;MERMELADA SIN A HELIOS MELOCOTON
DISYCASH VII, S.L.;MIEL LAS ABEJAS 1 KG
DISYCASH VII, S.L.;MINI BISCOTTES MINIGRIL 60 U..
DISYCASH VII, S.L.;MULTIUSOS MAYORDOMO 750 ML SPRAY
DISYCASH VII, S.L.;NESQUIK 390 G
DISYCASH VII, S.L.;NICKY PAÃ‘UELOS ALOE POCKET 10UDS
DISYCASH VII, S.L.;NIÃ‘A SEGURA ENSALADA ATUN RO-250
DISYCASH VII, S.L.;NUEZ BOLSA 1 KG
DISYCASH VII, S.L.;OCEDAR REPARADOR 100C. NORMAL
DISYCASH VII, S.L.;OCEDAR REPARADOR 100C. OSCURO
DISYCASH VII, S.L.;OREC 220 G
DISYCASH VII, S.L.;PALETINA TRIPLE STANDARD N 12
DISYCASH VII, S.L.;PATATA ENTERA COCIDA BAMBOLEO TARRO 400G
DISYCASH VII, S.L.;PEPINILLOS EL FARO 200 G
DISYCASH VII, S.L.;PISTO HIDA LATA $1/2$
DISYCASH VII, S.L.;QUITAMANCHAS ASEVI 720 ML PISTOLA
DISYCASH VII, S.L.;SARDINAS CUCA RR-125 LIM
DISYCASH VII, S.L.;SOLUBLE ESTRELLA 200 G DESCAFEINADO
DISYCASH VII, S.L.;SUAVIZANTE MAYORDOMO 2 L FLORAL
DISYCASH VII, S.L.;SUAVIZANTE MAYORDOMO 2 L SPA
DISYCASH VII, S.L.;SUAVIZANTE SAAMIX 2 L NUTRIVE
DISYCASH VII, S.L.;SUAVIZANTE SAAMIX 2 LAZUL
DISYCASH VII, S.L.;TOMATE FRITO APIS BRIK 400 G
DISYCASH VII, S.L.;TOMATE FRITO APIS MINIBRIK R-3
DISYCASH VII, S.L.;TOMATE FRITO HELIOS 570 G
DISYCASH VII, S.L.;TOMATE FRITO HIDA 1/2
DISYCASH VII, S.L.;TOMATE FRITO ORLANDO BRIK 350 G
DISYCASH VII, S.L.;TOMATE TRITURADO CARRETILLA EXTRA 500 G
DISYCASH VII, S.L.;TUMACA HELIOS TARRO P-2X140
DISYCASH VII, S.L.;VELON CALIDAD CERA AMARILLA
DISYCASH VII, S.L.;VELON CERA AMARILLA
DISYCASH VII, S.L.;VENTRESCA ATUN CLARO BAHIA RR-125 OLIVA
DISYCASH VII, S.L.;VINAGRE MANZANA DARRO 1 L
DISYCASH VII, S.L.;VINO BRIK D GARCIA 1 L TINTO
DISYCASH VII, S.L.;VINO D SIMON BOTELLA 1 L TINTO
DISGODUL, S.L.;"ANTOJOS P/2 2 KG ""ALA"""
DISGODUL, S.L.;"DESAYUNOS 5 CER CHOCO S/AZUCAR 340 GR. 6 ""FBG"""
DISGODUL, S.L.;"MINI OVETTI SURTIDO (5 GR.) 1 KG. ""M"" (6)"
DULCADIS, S.L.U.;BISCOTE INTEGRAL 225 GR
DULCADIS, S.L.U.;DONAS AZUCAR 3U CARTON 20P 126G FRIO
DULCADIS, S.L.U.;DONAS CHOCO 3U CARTON 20P 135G FRIO
DULCADIS, S.L.U.;DONAS RELLENAS CACAO 2U
DULCADIS, S.L.U.;DONAS RELLENAS NATA 2U
DULCADIS, S.L.U.;DONAS ZEBRA 3U CARTON 20P 135G FRIO
DULCADIS, S.L.U.;MAG. CUADRADA GLORIA 8U
DULCADIS, S.L.U.;MAGDALENA 360GR. 2 EUROS
DULCADIS, S.L.U.;PAN CHAPATON 700GR.
DULCADIS, S.L.U.;PAN DE LECHE 10U 2 EUROS
DULCADIS, S.L.U.;PAN DE MOLDE (S/AZ) INT. S/C 10P 450G
DULCADIS, S.L.U.;PAN MOLDE S/C 450G (1.59EUR)
DULCADIS, S.L.U.;PICOS GOURMET INTEGRAL FRANJUBA 115GR 12UD
DULCADIS, S.L.U.;REGAÃ‘AS AJONJOLI 275 GR. 12 PAQ.
DULCADIS, S.L.U.;TRENCINAS 275 GR. 10 PAQ.
DULCADIS, S.L.U.;VALENCIANA 12U 11P 350G
ELPOZO;F PALETA SANDW 4KG
ELPOZO;IMPERIAL CLASICA 250G 2,958
ELPOZO;IMPERIAL CLASICA 250G 2,95E
ELPOZO;MORTAD ACEITUNAS CORTE 1PZ
ELPOZO;MORTAD ACEITUNAS MAXI 500G 28
ELPOZO;MORTAD PAVO 3,5KG
ELPOZO;MORTAD PAVO C/ACEIT 3,5KG 1PZ
ELPOZO;P.PAVO S/G SANDW 4KG
ELPOZO;QUESO RALLADO ESP FUNDIR Y GRATINAR 130G
EXCLUSIVAS TOLEDO, S.L.U;EMPANADA ATUN SUPREMA HOJAL. (1UDXCAJA)
EXCLUSIVAS TOLEDO, S.L.U;JAMON COCIDO 1964 RESERVA S.D.
EXCLUSIVAS TOLEDO, S.L.U;MINI PIC KAMPER
EXCLUSIVAS TOLEDO, S.L.U;MORTADELA TRANSPARENTE SANT DALMAI
EXCLUSIVAS TOLEDO, S.L.U;PIC PAVO KAMPER
FRUTOS SECOS GUTIÃ‰RREZ, S.L.;CG.CORAZON DE CAFE 3300 1KG
FRUTOS SECOS GUTIÃ‰RREZ, S.L.;CG.CORAZON DE TRADICIONAL 33301KG
FRUTOS SECOS GUTIÃ‰RREZ, S.L.;CG.PICTOLIN ANIS 1KG
FRUTOS SECOS GUTIÃ‰RREZ, S.L.;CG.RESPIRAL MENTOL EUCALIPTUS 1KG.
FRUTOS SECOS GUTIÃ‰RREZ, S.L.;CHOCO HUEVOS BLUEY 240
FRUTOS SECOS GUTIÃ‰RREZ, S.L.;GA DINOSAURIOS CHOCO PVP 1
FRUTOS SECOS GUTIÃ‰RREZ, S.L.;GA.FILIPINOS BLANCO PVP 1.4E 93+35GRS
FRUTOS SECOS GUTIÃ‰RREZ, S.L.;GA.MARBU 0% 200GRS PVP 1,40
FRUTOS SECOS GUTIÃ‰RREZ, S.L.;GA.MINI CAMPURRIANAS PVP 1.25 X2606RS
FRUTOS SECOS GUTIÃ‰RREZ, S.L.;GA.MINI CAMPURRIANAS PVP 1.2E 6X260GRS
FRUTOS SECOS GUTIÃ‰RREZ, S.L.;KIJDER BUENO CHOCO SOU
FRUTOS SECOS GUTIÃ‰RREZ, S.L.;NUEVA PRINGLES ORIGINAL 70GRS
FRUTOS SECOS GUTIÃ‰RREZ, S.L.;SV.SNACK EL VALLE COCKTAIL 130GRS
FRUTOS SECOS GUTIÃ‰RREZ, S.L.;SV.SNACK EL VALLE COCKTAIL ZOUâ‚¬
FRUTOS SECOS GUTIÃ‰RREZ, S.L.;SV.SNACK EL VALLE CORTEZA TRIGO 125GRS
FRUTOS SECOS GUTIÃ‰RREZ, S.L.;X1 RAT 360.
GREGORIO RODRIGUEZ RODRIGUEZ;BARRA
GREGORIO RODRIGUEZ RODRIGUEZ;BOCADILLO
GRUPO LEVANTE;2R.AGUA DESTILADA 4L.
GRUPO LEVANTE;2R.AMB.WC GOTA AIRE PURO 130ML.
GRUPO LEVANTE;2R.AMONIACO 1,5L.LAVANDA TAPON ROSCA
GRUPO LEVANTE;2R.AMONIACO 1,5L.MARSELLA TAPON ROSCA.
GRUPO LEVANTE;2R.B.CONGELACION ZIPPER 10UDS 27X28 CTMS.
GRUPO LEVANTE;2R.BAYETA MICROFIBRA 5U.ECONOM ICA COLORES 30
GRUPO LEVANTE;2R.DESODORIZANTE TUBERIAS 1L. LIMPIADOR
GRUPO LEVANTE;2R.DET.LIQUIDO 3L.AZUL GEL ACT IVO
GRUPO LEVANTE;2R.DET.QUITAMANCHAS 1KG.R.BLAN CA OXIGENO
GRUPO LEVANTE;2R.HGCO. 24R.BLANCO EXTRA SUAV E 100% CELULOSA
GRUPO LEVANTE;2R.HGCO. 6R.3 CAPAS ALOE VERA 192 SERVICIOS
GRUPO LEVANTE;2R PALO METAL 1,40MTS.AZUL ANT ANTIDESLIZANTE
GRUPO LEVANTE;2R.PALO ALUMINIO 1,40MTS.INOXI DOBLE ECONOMICO
GRUPO LEVANTE;2R.PAPEL COCINA LIMON 2R.2CAPA S
GRUPO LEVANTE;2R.PAPEL MULTIUSOS ESTIRA 280 USOS 70 METROS
GRUPO LEVANTE;2R.PAPEL MULTIUSOS TIFON 3 CAPAS 1 ROLLO
GRUPO LEVANTE;2R.SERV 140U.DECORADA JUMBO
GRUPO LEVANTE;2R.SERV.140U.BLANCA JUMBO
GRUPO LEVANTE;2R.SUAVIZ. 1,5L.ESSENCE ORQUID EAS 60 LAVADOS
GRUPO LEVANTE;2R.SUAVIZ. 1,5L.ESSENCE PRIMAV ERA 60 LAVADOS
GRUPO LEVANTE;2R TOALLITAS ATRAPAC.20U.NUEVA SECAS CAJA ROJ
GRUPO LEVANTE;2R.VINAGRE LIMPIEZA 1.25L.CON DETERGENTE
GRUPO LEVANTE;2R VINAGRE LIMPIEZA 2L.IVA 21%
GRUPO LEVANTE;ACEITE O. LA MASIA 0,41 L
GRUPO LEVANTE;AIR WICK DECOSPHERE MANGUE&LIM E
GRUPO LEVANTE;AIR WICK ELEC.REC.DELICIAS VER ANO
GRUPO LEVANTE;AIR WICK ELEC.REC.FLOR ROPA
GRUPO LEVANTE;AIR WICK ELEC.REC.WHITE BOUQUE T
GRUPO LEVANTE;ALBAL P.FILM 30MTS.
GRUPO LEVANTE;ALCACHOFAS ALTEZA 8/12 CRISTAL CORAZONES 314G
GRUPO LEVANTE;ALCOHOL CENTRALINE 96Â° 250ML.
GRUPO LEVANTE;AMBIPUR 3V REC.FLORES APARATO ELEGANCE
GRUPO LEVANTE;ANIAN JABON DOSIFICADOR DERMO 500ML.
GRUPO LEVANTE;ARIEL MAL.REGULAR 65CC.ACTILIF T 4,225KG.
GRUPO LEVANTE;ARIEL PROF.LIQ.REGULAR 60D. 3 LITROS
GRUPO LEVANTE;ASEVI DESENGRASANTE 750ML.PIST OLA
GRUPO LEVANTE;ASEVI DET.LIQ. 40+4D.ROSA MOSQUETA 2,280L.
GRUPO LEVANTE;ASEVI DET.LIQ. 50D.MAX ACTIVE AZUL 2,53L.
GRUPO LEVANTE;ASEVI DET.LIQ. 50D.MAX EFICACI A VERDE 2,53L. (ANTIO
GRUPO LEVANTE;ASEVI FREG.CIAN 1L..
GRUPO LEVANTE;ASEVI FREG.MIO ROSA 1L.
GRUPO LEVANTE;ASEVI FREG.NARANJA 1L.+150ML.G RATIS
GRUPO LEVANTE;ASEVI FREG.NARANJA 1L.
GRUPO LEVANTE;ASEVI GERPOSTAR MULTIUSOS PIST OLA 750ML.DESIN
GRUPO LEVANTE;ASEVI LAVAVAJ.GEL POWER 36LAVA 720ML.
GRUPO LEVANTE;ASEVI MULTIUSOS&CRISTALES 750ML. PISTOLA
GRUPO LEVANTE;ASEVI PERFUME ROPA 720ML BLUE 36 DOSIS
GRUPO LEVANTE;ASEVI SUAVIZANTE 1,44L.S.DREA MS SENSATIONS 60L
GRUPO LEVANTE;ASEVI SUAVIZANTE 60L.AZUL CONC ENTRADO 1,38L.
GRUPO LEVANTE;ASEVI SUAVIZANTE 60L.FRESCOR PURO CONCENTARD
GRUPO LEVANTE;ASEVI VAJI.ULTRA GREEN 650ML. (AROMAS CITRICOS)
GRUPO LEVANTE;ATUN CALVO CLARO A.G.PACK 4U. 3â‚¬ VUELCA FACIL
GRUPO LEVANTE;ATUN CALVO CLARO A.O. PACK4 4 EUROS
GRUPO LEVANTE;AUSONIA EXTRAPLANA 12UDS.
GRUPO LEVANTE;AUSONIA SALVA SLIP MAXI 30UDS.
GRUPO LEVANTE;AUSONIA SALVA SLIP NORMAL 40UD S.
GRUPO LEVANTE;AXE DEO.48H.SP.150ML.APOLLO
GRUPO LEVANTE;AXE DEO.48H.SP.150ML.DARK TEMPTATION
GRUPO LEVANTE;AXE DEO 48H.SP.150ML.EXCITE
GRUPO LEVANTE;AXE DEO.48H.SP.150ML MARINE
GRUPO LEVANTE;BONITO BAYMAR A.GIRASOL 180GRS TARRO CRISTAL
GRUPO LEVANTE;BREF LIMPIA GAFAS 20UDS.
GRUPO LEVANTE;BREF WC.BOLAS DUPLO LIMON
GRUPO LEVANTE;BREF WC.BOLAS DUPLO PINO (ANTIGUO NATURA)
GRUPO LEVANTE;BRUMOL DESENGRASANTE 1L.RECAMBIO
GRUPO LEVANTE;BRUMOL DET.LIQ.BASIC 4LAZUL 44 LAVADOS
GRUPO LEVANTE;BRUMOL DET.LIQ.BASIC 4L.MARSEL LA 44 LAVADOS
GRUPO LEVANTE;CAFE ALTEZA SOLUBLE DESCAFEINA DO 200GRS.
GRUPO LEVANTE;CAFE MARCILLA MOL DES.MEZC.200 GRS
GRUPO LEVANTE;CAFE MARCILLA MOL MEZCLA 250GR S.
GRUPO LEVANTE;CALDO G.BLANCA 1L.POLLO PK 2U 2 LITROS
GRUPO LEVANTE;CAREFREE S.SLIP PLUS MAXI 36UD S.
GRUPO LEVANTE;CASA JARDIN 600ML LAVANDA 800 C.C.
GRUPO LEVANTE;CEREA.ALTEZA 500G.INTEGRALES
GRUPO LEVANTE;CEREA.KELLOGGS SPECIAL K 335GR
GRUPO LEVANTE;CEREA.NESTLE FITNESS CH.NEGRO 375GRS
GRUPO LEVANTE;CERVEZA MAHOU 5E. 1/4 PK 6
GRUPO LEVANTE;CHOCO.VALOR PURO LECHE ALM.250 GR.
GRUPO LEVANTE;CHUBBY DESATASCADOR 500ML.PROF ESIONAL 900GR
GRUPO LEVANTE;CILLIT B.750ML.PIST.QUITAGRASA S PISTOLA VERDE
GRUPO LEVANTE;COLA CAO 1200+180GRS.BOLSA
GRUPO LEVANTE;COLA CAO ENERGY 188ML.PK 3+1
GRUPO LEVANTE;COLGATE TOTAL 75ML.CLASICO BLANCO
GRUPO LEVANTE;COLHOGAR PAN.FACIAL 66UDS.STYL E
GRUPO LEVANTE;COLON MAL. 4.75KG 50+45D.
GRUPO LEVANTE;CORAL VAJILLAS 1100ML.LIMON
GRUPO LEVANTE;CUCHOL RATICIDA CEBO FRESCO 150 GRS.
GRUPO LEVANTE;DEMAKUP DISCOS OVAL EXPERT 50U DS.
GRUPO LEVANTE;DIADERMINE CRARRUGAS DIA 2X1 50ML.
GRUPO LEVANTE;DIRANZO PERCARBONATO 750GR. BLANQUEADOR
GRUPO LEVANTE;DIXAN LIQ.1,35L.30D.GEL FRESCO R
GRUPO LEVANTE;DOVE DEO.SP.250ML ORIGINAL
GRUPO LEVANTE;EL MILAGRITO DESEN. 750ML.PISTO LA
GRUPO LEVANTE;EL MILAGRITO LIMP.ABRILLAN. 1L. (LIMPIADOR ABRILLA
GRUPO LEVANTE;ESPARR.CIDACOS 200GRS.CORTOS DELGADOS
GRUPO LEVANTE;ESTRELLA LEJIA 1.43L AZUL. STANDAR
GRUPO LEVANTE;EVAX SALVASLIP NORMAL 50UDS
GRUPO LEVANTE;FA DEO.SP. 150ML.PINK PASSION
GRUPO LEVANTE;FAIRY MAXIPODER DUPLO 2X440ML
GRUPO LEVANTE;FAIRY V.ULTRA 650ML.PACK 2UD
GRUPO LEVANTE;FLEX CH.FORTIFICANTE 650ML
GRUPO LEVANTE;FLOR SUAV.2L. 50D.AZUL
GRUPO LEVANTE;FLOR SUAV.CONC.1,06L.AZUL 59 LAVADOS
GRUPO LEVANTE;FLORAL ESPONJA RIZO DUPLO BAÃ‘O
GRUPO LEVANTE;FLORAL ESTROPAJO RASPUN 3UDS. ALMOHADILLAS LI
GRUPO LEVANTE;FOXY PAPEL HIG. 4+2R.SEDA BLAN CO 3 CAPAS
GRUPO LEVANTE;FROSCH VITRO NARANJA 350+100ML.
GRUPO LEVANTE;GALL ALTEZA TABLETA CH.NEGRO 150GR
GRUPO LEVANTE;GALL CUETARA MÂª OFERTA 800GRS. 4X200GRS.
GRUPO LEVANTE;GALL DINOSAURUS 411GRS.
GRUPO LEVANTE;GALL GULLON CREME TROPICAL 800 GRS.CAJA
GRUPO LEVANTE;GALL GULLON MÂª INTEGRAL 600GRS
GRUPO LEVANTE;GILLETTE CUCHILLA PLATINUM 5UD S.
GRUPO LEVANTE;GIORGI GOMINA EXTRAFUERTE 170M L.FIJACION NÂ°3
GRUPO LEVANTE;GUANTE 4GASA SATINADO GRANDE
GRUPO LEVANTE;GUANTE 4GASA SATINADO MEDIANO
GRUPO LEVANTE;GULAS-SURIMII ALTEZA AL AJILLO 115GRS.
GRUPO LEVANTE;I.E.COL.750ML.GOTAS FRESCAS
GRUPO LEVANTE;INDASEC COMPRESA MAXI NIGHT 12 UDS.GOOD NIGHT
GRUPO LEVANTE;INDASEC COMPRESA MINI 20UDS. DISCRET
GRUPO LEVANTE;INDASEC COMPRESA NORMAL 24U.CL ASICA
GRUPO LEVANTE;JOHNSONS CH.750ML. DOSIFICADOR
GRUPO LEVANTE;KEMPHOR DENTR. 75ML.ORIGINAL
GRUPO LEVANTE;KH7 SIN MANCHAS PISTOLA 715ML.
GRUPO LEVANTE;L.POLO ENJUAGUE 500ML.TRIPLE ACCION VERDE
GRUPO LEVANTE;LA TOJA AFE.ESP 300ML.CLASSIC
GRUPO LEVANTE;LA TOJA GEL 600ML ALOE VERA
GRUPO LEVANTE;LA TOJA GEL 600ML. HIDROTERMAL
GRUPO LEVANTE;LECHE COND.LECHERA 740GRS.BOTE
GRUPO LEVANTE;LISTERINE 500ML.TOTAL ZERO LIL A TOTAL CARE SIN A
GRUPO LEVANTE;LOREAL REVITALIFT DIA 50ML.
GRUPO LEVANTE;MAYONESA CALVE 210ML
GRUPO LEVANTE;MAYONESA CALVE 430ML.CASERA
GRUPO LEVANTE;MAYONESA LIGERESA 210GRS.
GRUPO LEVANTE;MAYONESA LIGERESA 425GRS.
GRUPO LEVANTE;MEJI.PAY PAY ESCABECHE 14/18U. 115 GRS.
GRUPO LEVANTE;MERY MOCHO MICROFIBRA ECO AMARILLO
GRUPO LEVANTE;MICOLOR GEL COLOR 30D. 1,35L. COLORES VIVOS
GRUPO LEVANTE;MISTOL V. 900ML.STANDART
GRUPO LEVANTE;MUM ROLLON FRESH.PINK+50% GRAT TIS ROSA
GRUPO LEVANTE;NB GEL 600+100ML.ALMENDRA Y LE CHE
GRUPO LEVANTE;NB GEL 600ML.SENSITIVE HIDRATA NÃŽ  ÃŽÂ¤ÃŽâ€¢
GRUPO LEVANTE;NELIA GEL ROSA 750ML +20%
GRUPO LEVANTE;NELLY TINTE NÂ° 1 NEGRO AZUL
GRUPO LEVANTE;NELLY TINTE NÂ° 8 RUBIO CLARO
GRUPO LEVANTE;NESCAFE DESCAF.200GRS.TARRO CRISTAL
GRUPO LEVANTE;NESCAFE NATURAL 200GRS.TARRO CRISTAL
GRUPO LEVANTE;NEUTREX LEJIA 1,9L. BLANCA STAN DAR
GRUPO LEVANTE;NEUTREX TRANSPIREX 600ML. PISTO LA MANCHAS SUD
GRUPO LEVANTE;NICKY P.COCINA MAXI 2R.LIMON
GRUPO LEVANTE;NICKY P.HIG.2C.12R.ULTRA ROSA
GRUPO LEVANTE;NICKY P.HIG.3C. 6R. ALOE VERA NATURE
GRUPO LEVANTE;NICKY SERV.2C.MAXI LIMON 65UDS APROX.
GRUPO LEVANTE;NIVEA CR.CORPORAL 375ML.SOFT
GRUPO LEVANTE;NIVEA CR.MANOS 250ML.FAMILIAR
GRUPO LEVANTE;NOCILLA 180GRS 1 COLOR CRISTAL SIN ACEITE DE PAL
GRUPO LEVANTE;NOCILLA 180GRS 2 COLORES CRIST AL SIN ACEITE DE
GRUPO LEVANTE;NOCILLA 360GRS.2 COLORES CRIST AL SIN ACEITE DE
GRUPO LEVANTE;OMINO B.DET.45+21 DOSIS
GRUPO LEVANTE;PANTENE CH.270ML.REPARA&PROTE E
GRUPO LEVANTE;PASTA ALTEZA FIDEO ENTREFINO 500GRS
GRUPO LEVANTE;PASTA ALTEZA MACARRON 500GRS PLUMAS
GRUPO LEVANTE;PERLAN DET 1250ML. ROSA 41 LAVADOS
GRUPO LEVANTE;PONDS CR.(S)NUTRITIVA ANTIARRU GAS 50ML.
GRUPO LEVANTE;PURE PATATAS MAGGI MOUSLINE SIN LECHE 115GR
GRUPO LEVANTE;REFRESCO ALTEZA COLA 2 L.
GRUPO LEVANTE;RENOVA SERV DUPLEX ROSA 2CPS. PUNTA PUNTA 60
GRUPO LEVANTE;REXONA SP.WOMAN 72 H ALOE VERA 200ML.
GRUPO LEVANTE;SAL MILENIA SACO 25KG.DESCALCI FICADORA PASTILL
GRUPO LEVANTE;SALVACAMAS INDASBED BASIC60X90 20UDS.
GRUPO LEVANTE;SAN SUAV.59LAV.FLORAL AZUL 1,298L..
GRUPO LEVANTE;SAN SUAV.59LAV.ILUSIONAR 1,298L.
GRUPO LEVANTE;SANEX DEO.ROLLON D.EXTRANCONT OL 50ML. NUEVO
GRUPO LEVANTE;SCOTTEX HIG. 16ROLLOS
GRUPO LEVANTE;STARCOTT TIRITAS SURTIDAS 30U. MARRON
GRUPO LEVANTE;TOALLITAS BABY LINDO 72U.TAPA ALOE VERA
GRUPO LEVANTE;TOMATE TRITURADO CIDACOS 400G
GRUPO LEVANTE;VANISH KALIA 950ML.LIQUIDO PINK GEL
GRUPO LEVANTE;VANISH OXI PINK 900 GRS (450+450GRS.)
GRUPO LEVANTE;VERNEL S.2,43L.CIELO AZUL 54L.
GRUPO LEVANTE;VOLVONE AMONIACO 1,5L.CONCENTR ADO
GRUPO LEVANTE;WIPP DET.EXPRESS MANO 470GRS.
GRUPO LEVANTE;WIPP MAL. 80CC. P.NETO 4 KGR S.
HNOS. DONOSO S.L.;BURGOS P-2 NATURAL ARIAS
HNOS. DONOSO S.L.;BURGOS P-3 MINI NATURAL ARIAS
HNOS. DONOSO S.L.;C. PALETA TACOS
HNOS. DONOSO S.L.;JAMON DE CEBO IBERICO 50%RAZAIBERICO SE
HNOS. DONOSO S.L.;Q. SEMI MEZCLA G.BAQUERO
HNOS. DONOSO S.L.;SALMON AHUM. 100GR EL DUENDE UNIDAD
HNOS. DONOSO S.L.;TORREZNO TENDILLA IBERICO 125 GRS. UNIDAD
IMPERIAL TOLEDANA DE SNACK, S.L.;CORNADOS 85G 18U 1E
IMPERIAL TOLEDANA DE SNACK, S.L.;GREFUSITOS MANT JR 35G 30UND
IMPERIAL TOLEDANA DE SNACK, S.L.;GREFUTUBO SR 1,40
IMPERIAL TOLEDANA DE SNACK, S.L.;GUBLINS MINIMS SR 1â‚¬
IMPERIAL TOLEDANA DE SNACK, S.L.;MRCORN MIX5 SR 1,30 â‚¬
IMPERIAL TOLEDANA DE SNACK, S.L.;PIPAS G PELAO MIX TIJ JR 0,50E
IMPERIAL TOLEDANA DE SNACK, S.L.;PIPAS G TIJUANA 100G C/P
IMPERIAL TOLEDANA DE SNACK, S.L.;PIPONAZO ORIG SR C/P 14U 1,30E
IMPERIAL TOLEDANA DE SNACK, S.L.;SNATTS PALITOS PIPAS 1,20E
IMPERIAL TOLEDANA DE SNACK, S.L.;STICKS SR S/P 15U 1E C/P
INDUSTRIAS CARNICAS TELLO, S.A.;CODILLO J. ASADO
INDUSTRIAS CARNICAS TELLO, S.A.;J. ASADO TELLO ESENCIA S/H
INDUSTRIAS CARNICAS TELLO, S.A.;PASTRAMI DE PAVO
MERCEDITAS, S.L.;BANDEJAS PIMENTON DULCE 80 GRS.
MERCEDITAS, S.L.;BOLSAS SURTIDO ESPECIAL 1/4 KG.
MERCEDITAS, S.L.;BOLSAS SURTIDO GOMINOLAS 140 GRS.
MERCEDITAS, S.L.;CAJITAS AZAFRAN 1/2 GRS.
SEBASTIAN CARRIÃ“N E HIJOS, S.L.;CARNE GUISAR TERNERA
SEBASTIAN CARRIÃ“N E HIJOS, S.L.;CHORICILLOS DE CERDO
SEBASTIAN CARRIÃ“N E HIJOS, S.L.;CHORIZOS CASEROS
SEBASTIAN CARRIÃ“N E HIJOS, S.L.;CHULETAS CORDERO
SEBASTIAN CARRIÃ“N E HIJOS, S.L.;CHULETAS DE AGUJA
SEBASTIAN CARRIÃ“N E HIJOS, S.L.;COSTILLAS TROZOS
SEBASTIAN CARRIÃ“N E HIJOS, S.L.;MORCILLAS
SEBASTIAN CARRIÃ“N E HIJOS, S.L.;PANCETA DE CERDO
SEBASTIAN CARRIÃ“N E HIJOS, S.L.;PECHUGA DE POLLO FILETES
GRUPO LEVANTE;FAIRY MAXIPODER DUPLO 2X440ML
GRUPO LEVANTE;FAIRY V.ULTRA 650ML.PACK 2UD
GRUPO LEVANTE;FLEX CH.FORTIFICANTE 650ML
GRUPO LEVANTE;FLOR SUAV.2L. 50D.AZUL
GRUPO LEVANTE;FLOR SUAV.CONC.1,06L.AZUL 59 LAVADOS
GRUPO LEVANTE;FLORAL ESPONJA RIZO DUPLO BAÃ‘O
GRUPO LEVANTE;FLORAL ESTROPAJO RASPUN 3UDS. ALMOHADILLAS LI
GRUPO LEVANTE;FOXY PAPEL HIG. 4+2R.SEDA BLAN CO 3 CAPAS
GRUPO LEVANTE;FROSCH VITRO NARANJA 350+100ML.
GRUPO LEVANTE;GALL ALTEZA TABLETA CH.NEGRO 150GR
GRUPO LEVANTE;GALL CUETARA MÂª OFERTA 800GRS. 4X200GRS.
GRUPO LEVANTE;GALL DINOSAURUS 411GRS.
GRUPO LEVANTE;GALL GULLON CREME TROPICAL 800 GRS.CAJA
GRUPO LEVANTE;GALL GULLON MÂª INTEGRAL 600GRS
GRUPO LEVANTE;GILLETTE CUCHILLA PLATINUM 5UD S.
GRUPO LEVANTE;GIORGI GOMINA EXTRAFUERTE 170M L.FIJACION NÂ°3
GRUPO LEVANTE;GUANTE 4GASA SATINADO GRANDE
GRUPO LEVANTE;GUANTE 4GASA SATINADO MEDIANO
GRUPO LEVANTE;GULAS-SURIMII ALTEZA AL AJILLO 115GRS.
GRUPO LEVANTE;I.E.COL.750ML.GOTAS FRESCAS
GRUPO LEVANTE;INDASEC COMPRESA MAXI NIGHT 12 UDS.GOOD NIGHT
GRUPO LEVANTE;INDASEC COMPRESA MINI 20UDS. DISCRET
GRUPO LEVANTE;INDASEC COMPRESA NORMAL 24U.CL ASICA
GRUPO LEVANTE;JOHNSONS CH.750ML. DOSIFICADOR
GRUPO LEVANTE;KEMPHOR DENTR. 75ML.ORIGINAL
GRUPO LEVANTE;KH7 SIN MANCHAS PISTOLA 715ML.
GRUPO LEVANTE;L.POLO ENJUAGUE 500ML.TRIPLE ACCION VERDE
GRUPO LEVANTE;LA TOJA AFE.ESP 300ML.CLASSIC
GRUPO LEVANTE;LA TOJA GEL 600ML ALOE VERA
GRUPO LEVANTE;LA TOJA GEL 600ML. HIDROTERMAL
GRUPO LEVANTE;LECHE COND.LECHERA 740GRS.BOTE
GRUPO LEVANTE;LISTERINE 500ML.TOTAL ZERO LIL A TOTAL CARE SIN A
GRUPO LEVANTE;LOREAL REVITALIFT DIA 50ML.
GRUPO LEVANTE;MAYONESA CALVE 210ML
GRUPO LEVANTE;MAYONESA CALVE 430ML.CASERA
GRUPO LEVANTE;MAYONESA LIGERESA 210GRS.
GRUPO LEVANTE;MAYONESA LIGERESA 425GRS.
GRUPO LEVANTE;MEJI.PAY PAY ESCABECHE 14/18U. 115 GRS.
GRUPO LEVANTE;MERY MOCHO MICROFIBRA ECO AMARILLO
GRUPO LEVANTE;MICOLOR GEL COLOR 30D. 1,35L. COLORES VIVOS
GRUPO LEVANTE;MISTOL V. 900ML.STANDART
GRUPO LEVANTE;MUM ROLLON FRESH.PINK+50% GRAT TIS ROSA
GRUPO LEVANTE;NB GEL 600+100ML.ALMENDRA Y LE CHE
GRUPO LEVANTE;NB GEL 600ML.SENSITIVE HIDRATA NÃŽ  ÃŽÂ¤ÃŽâ€¢
GRUPO LEVANTE;NELIA GEL ROSA 750ML +20%
GRUPO LEVANTE;NELLY TINTE NÂ° 1 NEGRO AZUL
GRUPO LEVANTE;NELLY TINTE NÂ° 8 RUBIO CLARO
GRUPO LEVANTE;NESCAFE DESCAF.200GRS.TARRO CRISTAL
GRUPO LEVANTE;NESCAFE NATURAL 200GRS.TARRO CRISTAL
GRUPO LEVANTE;NEUTREX LEJIA 1,9L. BLANCA STAN DAR
GRUPO LEVANTE;NEUTREX TRANSPIREX 600ML. PISTO LA MANCHAS SUD
GRUPO LEVANTE;NICKY P.COCINA MAXI 2R.LIMON
GRUPO LEVANTE;NICKY P.HIG.2C.12R.ULTRA ROSA
GRUPO LEVANTE;NICKY P.HIG.3C. 6R. ALOE VERA NATURE
GRUPO LEVANTE;NICKY SERV.2C.MAXI LIMON 65UDS APROX.
GRUPO LEVANTE;NIVEA CR.CORPORAL 375ML.SOFT
GRUPO LEVANTE;NIVEA CR.MANOS 250ML.FAMILIAR
GRUPO LEVANTE;NOCILLA 180GRS 1 COLOR CRISTAL SIN ACEITE DE PAL
GRUPO LEVANTE;NOCILLA 180GRS 2 COLORES CRIST AL SIN ACEITE DE
GRUPO LEVANTE;NOCILLA 360GRS.2 COLORES CRIST AL SIN ACEITE DE
GRUPO LEVANTE;OMINO B.DET.45+21 DOSIS
GRUPO LEVANTE;PANTENE CH.270ML.REPARA&PROTE E
GRUPO LEVANTE;PASTA ALTEZA FIDEO ENTREFINO 500GRS
GRUPO LEVANTE;PASTA ALTEZA MACARRON 500GRS PLUMAS
GRUPO LEVANTE;PERLAN DET 1250ML. ROSA 41 LAVADOS
GRUPO LEVANTE;PONDS CR.(S)NUTRITIVA ANTIARRU GAS 50ML.
GRUPO LEVANTE;PURE PATATAS MAGGI MOUSLINE SIN LECHE 115GR
GRUPO LEVANTE;REFRESCO ALTEZA COLA 2 L.
GRUPO LEVANTE;RENOVA SERV DUPLEX ROSA 2CPS. PUNTA PUNTA 60
GRUPO LEVANTE;REXONA SP.WOMAN 72 H ALOE VERA 200ML.
GRUPO LEVANTE;SAL MILENIA SACO 25KG.DESCALCI FICADORA PASTILL
GRUPO LEVANTE;SALVACAMAS INDASBED BASIC60X90 20UDS.
GRUPO LEVANTE;SAN SUAV.59LAV.FLORAL AZUL 1,298L..
GRUPO LEVANTE;SAN SUAV.59LAV.ILUSIONAR 1,298L.
GRUPO LEVANTE;SANEX DEO.ROLLON D.EXTRANCONT OL 50ML. NUEVO
GRUPO LEVANTE;SCOTTEX HIG. 16ROLLOS
GRUPO LEVANTE;STARCOTT TIRITAS SURTIDAS 30U. MARRON
GRUPO LEVANTE;TOALLITAS BABY LINDO 72U.TAPA ALOE VERA
GRUPO LEVANTE;TOMATE TRITURADO CIDACOS 400G
GRUPO LEVANTE;VANISH KALIA 950ML.LIQUIDO PINK GEL
GRUPO LEVANTE;VANISH OXI PINK 900 GRS (450+450GRS.)
GRUPO LEVANTE;VERNEL S.2,43L.CIELO AZUL 54L.
GRUPO LEVANTE;VOLVONE AMONIACO 1,5L.CONCENTR ADO
GRUPO LEVANTE;WIPP DET.EXPRESS MANO 470GRS.
GRUPO LEVANTE;WIPP MAL. 80CC. P.NETO 4 KGR S.
HNOS. DONOSO S.L.;BURGOS P-2 NATURAL ARIAS
HNOS. DONOSO S.L.;BURGOS P-3 MINI NATURAL ARIAS
HNOS. DONOSO S.L.;C. PALETA TACOS
HNOS. DONOSO S.L.;JAMON DE CEBO IBERICO 50%RAZAIBERICO SE
HNOS. DONOSO S.L.;Q. SEMI MEZCLA G.BAQUERO
HNOS. DONOSO S.L.;SALMON AHUM. 100GR EL DUENDE UNIDAD
HNOS. DONOSO S.L.;TORREZNO TENDILLA IBERICO 125 GRS. UNIDAD
IMPERIAL TOLEDANA DE SNACK, S.L.;CORNADOS 85G 18U 1E
IMPERIAL TOLEDANA DE SNACK, S.L.;GREFUSITOS MANT JR 35G 30UND
IMPERIAL TOLEDANA DE SNACK, S.L.;GREFUTUBO SR 1,40
IMPERIAL TOLEDANA DE SNACK, S.L.;GUBLINS MINIMS SR 1â‚¬
IMPERIAL TOLEDANA DE SNACK, S.L.;MRCORN MIX5 SR 1,30 â‚¬
IMPERIAL TOLEDANA DE SNACK, S.L.;PIPAS G PELAO MIX TIJ JR 0,50E
IMPERIAL TOLEDANA DE SNACK, S.L.;PIPAS G TIJUANA 100G C/P
IMPERIAL TOLEDANA DE SNACK, S.L.;PIPONAZO ORIG SR C/P 14U 1,30E
IMPERIAL TOLEDANA DE SNACK, S.L.;SNATTS PALITOS PIPAS 1,20E
IMPERIAL TOLEDANA DE SNACK, S.L.;STICKS SR S/P 15U 1E C/P
INDUSTRIAS CARNICAS TELLO, S.A.;CHICHARRON FRITO 1/2 FRIAL
INDUSTRIAS CARNICAS TELLO, S.A.;CODILLO J. ASADO
INDUSTRIAS CARNICAS TELLO, S.A.;J. ASADO TELLO ESENCIA S/H
INDUSTRIAS CARNICAS TELLO, S.A.;PASTRAMI DE PAVO
MERCEDITAS, S.L.;BANDEJAS PIMENTON DULCE 80 GRS.
MERCEDITAS, S.L.;BOLSAS SURTIDO ESPECIAL 1/4 KG.
MERCEDITAS, S.L.;BOLSAS SURTIDO GOMINOLAS 140 GRS.
MERCEDITAS, S.L.;CAJITAS AZAFRAN 1/2 GRS.
SEBASTIAN CARRIÃ“N E HIJOS, S.L.;CARNE GUISAR TERNERA
SEBASTIAN CARRIÃ“N E HIJOS, S.L.;CHORICILLOS DE CERDO
SEBASTIAN CARRIÃ“N E HIJOS, S.L.;CHORIZOS CASEROS
SEBASTIAN CARRIÃ“N E HIJOS, S.L.;CHULETAS CORDERO
SEBASTIAN CARRIÃ“N E HIJOS, S.L.;CHULETAS DE AGUJA
SEBASTIAN CARRIÃ“N E HIJOS, S.L.;COSTILLAS TROZOS
SEBASTIAN CARRIÃ“N E HIJOS, S.L.;MORCILLAS
SEBASTIAN CARRIÃ“N E HIJOS, S.L.;PANCETA DE CERDO
SEBASTIAN CARRIÃ“N E HIJOS, S.L.;PECHUGA DE POLLO FILETES
GRUPO LEVANTE;2R.AGUA DESTILADA 4L.
GRUPO LEVANTE;2R.AMB MIKADO 50ML. RED BERRIES
GRUPO LEVANTE;2R AMONIACO 1,5L.MARSELLA TAPON ROSCA.
GRUPO LEVANTE;2R.DET LIQUIDO 3L AZUL GEL ACT IVO
GRUPO LEVANTE;2R.GUANTE NITRILO 10U.GRANDE
GRUPO LEVANTE;2R.GUANTE NITRILO 10U.MEDIANA
GRUPO LEVANTE;2R.HGCO. 6R.3 CAPAS ALOE VERA 192 SERVICIOS
GRUPO LEVANTE;2R.HGCO. 24R.BLANCO EXTRA SUAVE 100% CELULOSA
GRUPO LEVANTE;2R.PALO ALUMINIO 1,40MTS.INOXI DOBLE ECONOMICO
GRUPO LEVANTE;2R.PAPEL COCINA LIMON 2R.2CAPA S
GRUPO LEVANTE;2R.PAPEL HORNOS 8MTS.40CMTS.
GRUPO LEVANTE;2R.PAPEL MULTIUSOS ESTIRA 280 USOS 70 METROS
GRUPO LEVANTE;2R.PAPEL MULTIUSOS TIFON 3 CAPAS 1 ROLLO
GRUPO LEVANTE;2R.SERV. 140U.BLANCA JUMBO
GRUPO LEVANTE;2R.SUAVIZ 1,5L ESSENCE ORQUID EAS 60 LAVADOS
GRUPO LEVANTE;2R.TOALLITAS ADULTOS 40UDS.XXL
GRUPO LEVANTE;2R.VINAGRE LIMPIEZA 2LIVA 21%
GRUPO LEVANTE;ALCOHOL CENTRALINE 96Â° 250ML.
GRUPO LEVANTE;AMBIPUR 3V REC.NUBES DE ALGODON PURO&FRESCO
GRUPO LEVANTE;ANIAN BIFASICO 400ML. NIÃ‘OS PEINA FACIL VAPO.
GRUPO LEVANTE;ARIEL LIQ.BASICO 30L. NOVEDAD 2025
GRUPO LEVANTE;ARIEL PROF.LIQ.BASICO 60 DOSIS 2.7 LITROS
GRUPO LEVANTE;ASEVI DET LIQ 50D MAX EFICACI A VERDE 2,53L. (ANTIO
GRUPO LEVANTE;ASEVI FREG.MIO ROSA 1L.
GRUPO LEVANTE;ASEVI FREG.NARANJA 1L.
GRUPO LEVANTE;ASEVI LAVA. GEL POWER 36L.+ABRI LLANTADOR 156L.D
GRUPO LEVANTE;ASEVI SUAVIZANTE 60L.FRESCOR PURO CONCENTARD
GRUPO LEVANTE;ATUN CALVO CLARO A.G.PACK 4U. 3â‚¬ VUELCA FACIL
GRUPO LEVANTE;BERBERECHOS PAY PAY RIAS 55/65 PEQ-115 G
GRUPO LEVANTE;BRUMOL DESENGRASANTE 1L.RECAMBIO
GRUPO LEVANTE;CEREA.ALTEZA 500G.INTEGRALES
GRUPO LEVANTE;CEREA KELLOGGS SPECIAL K 335GR
GRUPO LEVANTE;CERVEZA MAHOU 5E. 1/4 PK 6
GRUPO LEVANTE;CILLIT B.1L.PIST.CAL&SUCIEDAD NARANJA
GRUPO LEVANTE;CILLIT B.750ML. PIST BLACK SUCIEDAD&MANCHAS DE H
GRUPO LEVANTE;COLA CAO 325GRS 0%
GRUPO LEVANTE;COLA CAO 383GRS
GRUPO LEVANTE;COLGATE 75ML.TRIPLE ACCION ORIGINAL MENTA
GRUPO LEVANTE;COLON MAL. 4.75KG 50+45D.
GRUPO LEVANTE;COM.PERRO TANDY CACHORRO 4KGS.
GRUPO LEVANTE;EVAX COTTON SUPERPLUS ALA 10 DS.
GRUPO LEVANTE;EVAX SALVASLIP MAXI 40UDS.
GRUPO LEVANTE;FA DEO.SP 150ML. PINK PASSION
GRUPO LEVANTE;FLOR PROF SUAVIZANTE 5L AZUL 125 LAVADOS
GRUPO LEVANTE;FLOR SUAV.2L. 50D AZUL
GRUPO LEVANTE;FROSCH VITRO NARANJA 350+100ML.
GRUPO LEVANTE;GALL.CUETARA MÂª OFERTA 800GRS. 4X200GRS.
GRUPO LEVANTE;GALL CUETARA TOSTARICA 760GRS.
GRUPO LEVANTE;GALL GULLON MÂª INTEGRAL 600GRS.
GRUPO LEVANTE;GARBANZOS CIDACOS 570GRS TARRO
GRUPO LEVANTE;GUANTE 4GASA SATINADO GRANDE
GRUPO LEVANTE;GULAS-SURIMII ALTEZA AL AJILLO 115GRS.
GRUPO LEVANTE;IE.COL.750ML.GOTAS FRESCAS
GRUPO LEVANTE;INDASEC COMPRESA MAXI 15U.DISC REET
GRUPO LEVANTE;INDASEC COMPRESA MAXI NIGHT 12 UDS.GOOD NIGHT
GRUPO LEVANTE;L.POLO DENT 75ML.CLOROFILA
GRUPO LEVANTE;LA TOJA AFE.ESP.300ML.CLASSIC
GRUPO LEVANTE;ÎœÎ‘Î¤ÎŸÎš  400ML.AVISPAS
GRUPO LEVANTE;MAYONESA CALVE 430ML.CASERA
GRUPO LEVANTE;MEJI.PAY PAY ESCABECHE 14/18U. 115 GRS.
GRUPO LEVANTE;MICOLOR GEL NEGRO 28D. 1,26L.
GRUPO LEVANTE;NB DEO.ROLLON 50ML.CLASSIC TACTO PURO
GRUPO LEVANTE;NELLY TINTE NÂ° 7 RUBIO MEDIO
GRUPO LEVANTE;NELLY TINTE NÂ° 8 RUBIO CLARO
GRUPO LEVANTE;NICKY P.HIG.2C.12R.ULTRA ROSA
GRUPO LEVANTE;NICKY P.HIG.3C. 6R. ALOE VERA NATURE
GRUPO LEVANTE;NIVEA CR.MANOS 250ML.FAMILIAR
GRUPO LEVANTE;NIVEA CR.MANOS 400ML. GIGANTE
GRUPO LEVANTE;PANTENE AC 275ML.REPARA&PROTE. TUBO
GRUPO LEVANTE;PANTENE AC.275ML.SUAVE Y LISO TUBO
GRUPO LEVANTE;PANTENE LACA 250ML.FIJACIOFLEX IBLE
GRUPO LEVANTE;PANTENE LACA 250ML. VOLUMEN PER FECTO
GRUPO LEVANTE;PUNTOMATIC 3AC.CAPS 12U.FLORA L
GRUPO LEVANTE;SAN SUAV.59LAV DISFRUTAR ESENC IA 1,298L.
GRUPO LEVANTE;SAN SUAV.59LAV.RECORDAR ESENCI 1,269L
GRUPO LEVANTE;SCOTTEX HIG. 16ROLLOS
GRUPO LEVANTE;TOALLITAS BABY LINDO 72U.TAPA ALOE VERA
GRUPO LEVANTE;TOMATE ENTERO CIDACOS 400GRS. LATA
GRUPO LEVANTE;TOMATE TRITURADO CIDACOS 400G
GRUPO LEVANTE;VASO MD 350CC.TRANSPARENTE 15 UDS.
HNOS, DONOSO S.L.;ANCHODINA 180GR KIELE
HNOS, DONOSO S.L.;BURGOS P-2 NATURAL ARIAS
HNOS, DONOSO S.L.;SALMON AHUM. SOBRE 100GR UNIDAD
HNOS, DONOSO S.L.;C. PALETA TACOS
HNOS, DONOSO S.L.;QUESO BARRA VENTERO
EL MUSICO;LANGOST.COC.30/40 C/1KG.-CASTELLAR
EL MUSICO;MEJILLON MC /ESP B/1KG.-BASCONA 6B
EL MUSICO;MEILLON S/C GALLGB/1KG.-BASCONA
EL MUSICO;FTE.MLZA.S/P BABY.B/400-PESCANOVA ANGURIÃ‘AS 100+100-PESCANOVA 14T.X2
EL MUSICO;TEMPURA VERDURAS B/400-MAHESO 121
EL MUSICO;MAHESITO MAMA JAMON B/500-MAHESC
EL MUSICO;GAMBA PEL.30/50 BLUE B/1KG.-GIBRALF GAMBA LANG.ARG.NÂ°2 C/2KG.-PESCANO
EL MUSICO;GAMBA COC.BROWN G B/800-CASTELLAI
EL MUSICO;ALMEJA BLANCA VIET.40/60 B/450-FROX
EL MUSICO;LOMO BACALAO EXTRA C/P +200IQF C/5F
EL MUSICO;PATATA PR.B/1KG.-MAHESO 10B.X1KG.
EL MUSICO;ENSALADILLA EXTRA B/400-MAHESO 121
EL MUSICO;ENSALADILLA EXTRA B/IKG.-MAHESO 6
EL MUSICO;QUISANTE EXTRA B/400-MAHESO 12B.X4
EL MUSICO;JUDIA PER.TROC.B/400-MAHESO 12B.X4
DIALVAL 2006, S.L.;"LOMO G.RESERVA ""ESPAÃ‘A"""
DIALVAL 2006, S.L.;"LACON DE PAVO 2 KG. ""MRM"". SERVIDO"
DIALVAL 2006, S.L.;"CENTRO BODEGA LOZA CORTE ""V"". GRANDES"
DIALVAL 2006, S.L.;TOMATE ENTERO L.1/2 KG.
DIALVAL 2006, S.L.;TOMATE TRITURADO L.1 KG.
DIALVAL 2006, S.L.;TOMATE TRITURADO L.1/2 KG.
DIALVAL 2006, S.L.;"TOMATE PICADO 1 KG. ""CIDACOS"""
DIALVAL 2006, S.L.;ENVASE PLASTICO PET 750 (500 UND.)
DIALVAL 2006, S.L.;"LACON DE PAVO 2 KG. ""MRM"""
INDUSTRIAS CARNICAS TELLO, S.A.;PECHUGA DE POLLO ASADA 200G 2603
INDUSTRIAS CARNICAS TELLO, S.A.;PECHUGA PAVO ASADA FRIAL
INDUSTRIAS CARNICAS TELLO, S.A.;JAMON ASADO WESTFALIA S/H
INDUSTRIAS CARNICAS TELLO, S.A.;SECRETO ASADO AJILLO 270G (30501
CAFÃ‰S MORA, S.L.;LECHE PASCUAL SEMIDES. BR 1L
CAFÃ‰S MORA, S.L.;LECHE PASCUAL CALCIO DESNATADA 1
CAFÃ‰S MORA, S.L.;LECHE PASCUAL DESN S/ LACTOSA 11
CAFÃ‰S MORA, S.L.;TOMATE FRITO AC. OLIV. HIDA BT.410
CAFÃ‰S MORA, S.L.;ESPAGUETTI N.3 GALLO 1/2 KGR.
CAFÃ‰S MORA, S.L.;MACARRON GALLO CORTADO 1/2 KG
CAFÃ‰S MORA, S.L.;BOLSA BASUR. AUTOC.SABE 55X60 40U
CAFÃ‰S MORA, S.L.;VINO LOS MOLINOS BLA. VERDJO 0.75
CAFÃ‰S MORA, S.L.;TONICA SCHWEPPES LATA 33CL
CAFÃ‰S MORA, S.L.;WIPP AUTOM.MALETAS 44+11 (55)  
CAFÃ‰S MORA, S.L.;COCA COLA ZERO BOTE 32 CI.
CAFÃ‰S MORA, S.L.;NESTEA BOTE 330 ML.
CAFÃ‰S MORA, S.L.;ACUARIUS LIMON BTLLA. 1.5L
CAFÃ‰S MORA, S.L.;AGUA FONT VELLA GARRAFA 6.25 L
CAFÃ‰S MORA, S.L.;VINO DON NINO TINTO BRIK 1L
CAFÃ‰S MORA, S.L.;LEJIA IFA-SABE NORMAL 1 L
CAFÃ‰S MORA, S.L.;FANTA NARANJA BTLLA. 2 L.
CAFÃ‰S MORA, S.L.;PAPEL HIGIENICO IFA-SABE 12 ROLL
CAFÃ‰S MORA, S.L.;OBLEA EMPANADILLA BUITONI 160G.
CAFÃ‰S MORA, S.L.;MANTEQUILLA PASCUAL TARR.250G
CAFÃ‰S MORA, S.L.;NATA PASCUAL MONTAR BRIK 200 ML.
CAFÃ‰S MORA, S.L.;NATA COCINA PASCUAL BRIK 200MI
CAFÃ‰S MORA, S.L.;TOMATE RIA TRITURADO 820 GR.
CAFÃ‰S MORA, S.L.;CUBITOMATE RIA 820 GR.
CAFÃ‰S MORA, S.L.;TOMATE RIA NATURAL 820 GR.
CAFÃ‰S MORA, S.L.;MELOCOTON ALMIB.7/8 ALCURNIA 820
CAFÃ‰S MORA, S.L.;MELOCOTON ALCURNIA ALMIB PK3X200
CAFÃ‰S MORA, S.L.;PAN RALLADO AJO PEREJIL MIAU 500
CAFÃ‰S MORA, S.L.;EKO FR.150 GR.
SEBASTIAN CARRIÃ“N E HIJOS, S.L.;CHORIZOS CASEROS
SEBASTIAN CARRIÃ“N E HIJOS, S.L.;PECHUGA DE POLLO
SEBASTIAN CARRIÃ“N E HIJOS, S.L.;CONEJO
SEBASTIAN CARRIÃ“N E HIJOS, S.L.;CINTA DE LOMO FRESCA
SEBASTIAN CARRIÃ“N E HIJOS, S.L.;SOLOMILLO DE CERDO
SEBASTIAN CARRIÃ“N E HIJOS, S.L.;COSTILLAR DE CERDO
SEBASTIAN CARRIÃ“N E HIJOS, S.L.;MORCILLAS
SEBASTIAN CARRIÃ“N E HIJOS, S.L.;CHULETAS CORDERO
PANADERRIA PUYO S.L.;BARRA
PANADERRIA PUYO S.L.;BOCADILLO
FRIMANCHA;LONGANIZA FRESCA BLTRIPA NAT.
FRIMANCHA;CAJAS PLASTICO AVIDEL AZUL
FRIMANCHA;ALAS POLLO BL ATM GASTRONOME
PATATAS FRITAS ESPADAS, C.B.;B/PATATAS
DISYCASH VII, S.L.;ALMEJAS BAYMAR R-2 RO-85 RIA
DISYCASH VII, S.L.;ANCHOA MENU RR-45 OLIVA
DISYCASH VII, S.L.;ANCHOA MENU RR-50 R-3
DISYCASH VII, S.L.;BERBERECHO PAY-PAY OL-120 35-45
DISYCASH VII, S.L.;BATIDO D SIMON MINI 6Ã—200 CHOCOLATE
DISYCASH VII, S.L.;BATIDO NESQUIK 3X200 CHOCOLATE
DISYCASH VII, S.L.;CERVEZA 6X25 BOTELLIN MAHOU 5 ESTRELL
DISYCASH VII, S.L.;CERVEZA 6X25 BOTELLIN MAHOU MIXTA
DISYCASH VII, S.L.;MEJILLON IGLESIAS OL-120 ESC 6-8
DISYCASH VII, S.L.;MEJILLON PAY-PAY OL-120 ESC 8-12
DISYCASH VII, S.L.;NAVAJUELAS DANI RO-120
DISYCASH VII, S.L.;ATUN CORTIZO OL-240 ESC
DISYCASH VII, S.L.;ATUN CORTIZO OL-240 ATE
DISYCASH VII, S.L.;ATUN CLARO CAMPOS RO-85 ESC R-3
DISYCASH VII, S.L.;ZAMBURITAS GALICA OL-120
DISYCASH VII, S.L.;PIMIENTO MORRON CELORRIO R-3
DISYCASH VII, S.L.;GUISANTES NATURALES MIMO R-3 RD-100
DISYCASH VII, S.L.;GUISANTES NATURALES MIMO 1/2
DISYCASH VII, S.L.;CALLOS APIS 1/2
DISYCASH VII, S.L.;FRASCOS JUDIAS VERDES FINAS ALSUR
DISYCASH VII, S.L.;FRASCOS JUDIAS VERDES ANCHAS ALSUR
DISYCASH VII, S.L.;ANIS CHINCHON ALCOHOLERA 1 L
DISYCASH VII, S.L.;NESQUIK 1,2 KG BOLSA
DISYCASH VII, S.L.;BRANDY TERRY CENTENARIO 1 L
DISYCASH VII, S.L.;BRANDY VETERANO 1 L
DISYCASH VII, S.L.;NESQUIK 400 G
DISYCASH VII, S.L.;CHOCOLATE VALOR PURO 200 G
DISYCASH VII, S.L.;MIEL LAS ABEJAS 1 KG
DISYCASH VII, S.L.;VINO PATA NEGRA 70 CL (CRIANZA)
DISYCASH VII, S.L.;CHOCOLATE LIQUIDO RAM I L
DISYCASH VII, S.L.;VINO BRIK D GARCIA 1 L BLANCO
DISYCASH VII, S.L.;MANZANA SIN ALCOHOL DROL'S IL
DISYCASH VII, S.L.;SIMON LIFE 4X200 MANDARINA
DISYCASH VII, S.L.;CONDENSADA LECHERA BOTE 740 G
DISYCASH VII, S.L.;FIDEO ROMERO 1 KG NO (CABELLO)
DISYCASH VII, S.L.;NESCAFE 100 DESCAFEINADO
DISYCASH VII, S.L.;MINI PRINCIPE LU 160 G
DISYCASH VII, S.L.;HARINA DE ALHORTAS COBOS 1/2
DISYCASH VII, S.L.;TOSTA RICA CUETARA 860 G
DISYCASH VII, S.L.;TOMATE FRITO ORLANDO LATA I KG
DISYCASH VII, S.L.;TUESTIS GULLON 400 G ANGRY BIRDS
DISYCASH VII, S.L.;MELOCOTON ARCHENA 1 KG SIN AZUCAR
DISYCASH VII, S.L.;ARROZ SOS 1 KG
DISYCASH VII, S.L.;MERMELADA SIN A HELIOS MELOCOTON
DISYCASH VII, S.L.;CALDO KNORR 12 P CARNE
DISYCASH VII, S.L.;CALDO KNORR 8 P PESCADO
DISYCASH VII, S.L.;VINAGRE VINO DARRO 1 L
DISYCASH VII, S.L.;VINAGRE MANZANA DARRO 1 L
DISYCASH VII, S.L.;CALDO BRIK G BLANCA 1 L COCIDO
DISYCASH VII, S.L.;ZUMO D SIMON 6X20 CL PITA
DISYCASH VII, S.L.;DISFRUTA D SIMON MINIBRIK R-6 MELOCOTON
DISYCASH VII, S.L.;FUNCIONA D SIMON 20 CL R-6 MEDITERRANEO
DISYCASH VII, S.L.;FUNCIONA D SIMON 20 CL R-6 CARIBE
DISYCASH VII, S.L.;SERVILLETAS DELYS DUPLO
DISYCASH VII, S.L.;SERVILLETAS NICKY LIMON 65 U
DISYCASH VII, S.L.;TARRINAS LONCHEADO BAJAS H-27 (50 UNID)
DISYCASH VII, S.L.;LIMPIA TODO ARRIXACA 1000 HL
DISYCASH VII, S.L.;FREGASUELOS ASEVI 1 L MIO
DISYCASH VII, S.L.;MENTA-POLEO HORNIMAN'S 25 F
DISYCASH VII, S.L.;MANZANILLA ANIS HORNIMAN'S 25 F
DISYCASH VII, S.L.;SUAVIZANTE ASEVI 1,5 L AZUL
DISYCASH VII, S.L.;SUAVIZANTE VERNEL 2,25 L AZUL
DISYCASH VII, S.L.;MAYONESA CALVE 225 G
DISYCASH VII, S.L.;MAYONESA LIGERESA 450 ML
DISYCASH VII, S.L.;LEJIA ESTRELLA 1.5 L PINO (SIN VALE)
DISYCASH VII, S.L.;DETERGENTE LIQUIDO ASEVI 3 L COLOR
DISYCASH VII, S.L.;VENTRESCA ATUN CLARO BAHIA RR-125 OLIVA
DISYCASH VII, S.L.;AGUA BEZOYA 50 CL
DISYCASH VII, S.L.;SARDINAS CUCA RR-125 LIM
DISYCASH VII, S.L.;FILETE CABALLA KING-JOHN RR125 -ESC
DISYCASH VII, S.L.;FILETE CABALLA KING-JOHN RR-125 ATE
DISYCASH VII, S.L.;FILETE CABALLA KING-JOHN RR-125 TOM
DISYCASH VII, S.L.;ATUN CORTIZO 650 G ESC
DISYCASH VII, S.L.;ALMEJONES CERQUEIRAS OL-120 (RAMONA)
DISYCASH VII, S.L.;ATUN CLARO CAMPOS RO-85 NAT R-3
DISYCASH VII, S.L.;PEPINILLOS EL FARO 200 G
DISYCASH VII, S.L.;ASADILLO GARCIA TARRO 1/2
DISYCASH VII, S.L.;ACEITUNA NEGRA CARRETILLA 1/2 SIN H
DISYCASH VII, S.L.;COLA-CAO ENERGY R-3+1 20 CL
DISYCASH VII, S.L.;CHOCOLATE VALOR LECHE-ALMENDRAS 250 G
DISYCASH VII, S.L.;TOMATE TRITURADO CARRETILLA EXTRA 500 G
DISYCASH VII, S.L.;TOMATE FRITO HIDA 1/2
DISYCASH VII, S.L.;GARBANZOS COCIDOS LUENGO TARRO 1 KG
DISYCASH VII, S.L.;VELON CERA AMARILLA
DISYCASH VII, S.L.;LA SALUD LIMPIAHOGAR SANITARIO 1,5 L
DISYCASH VII, S.L.;DETERGENTE GEL ASEVI 2,72 L ROSA MOSQUE
DISYCASH VII, S.L.;DETERGENTE GEL ARRIXACA 2,85 L NEGRO
PLASTIPAPEL;MILL. BOLSA CAMISETA 30X40
PLASTIPAPEL;BOLSA CAMISETA KILO BLANCO 50X60
PLASTIPAPEL;MILL. ENVASE LONCHEADO H27P
PLASTIPAPEL;BOLSA TRANSPARENTE 22X30 KGS.
